PKR2,PKR1,OXER1,HCAR3,HCAR2,HCAR1,5HT1A,5HT1B,5HT1D,5HT1E,5HT1F,5HT2A,5HT2B,5HT2C,5HT4R,5HT5A,5HT6R,5HT7R,alpha1AR,alpha1BR,alpha1DR,alpha2AR,alpha2BR,alpha2CR,beta1AR,beta2AR,beta3AR,D1R,D2R,D3R,D4R,D5R,H1R,H2R,H3R,H4R,M1R,M2R,M3R,M4R,M5R,TAAR1,TAAR2,TAAR3,TAAR5,TAAR6,TAAR8,TAAR9,BLT1,BLT2,CysLT2,CysLT1,CB1,CB2,FFAR1,FFAR2,FFAR3,FFAR4,S1P1,S1P2,S1P3,S1P4,S1P5,LPA1,LPA2,LPA3,LPA4,LPA5,LPA6,PD2R,PD2R2,EP1,EP2,EP3,EP4,FP,IP,TA2R,GPBAR,GPR18,PAF,GPR119,GPR42,GPR55,MT1,MT2,A1R,A2AR,A2BR,A3R,MC1R,MC2R,MC3R,MC4R,MC5R,Rhodopsin,ShtWOps1,MdWOps1,LgWOps1,Opsin3,Melanopsin,Opsin5,BB1,BB2,BB3,ETA,ETB,NK1,NK2,NK3,OX1,OX2,CCK1,CCK2,NPFF1,NPFF2,Y1R,Y2R,Y4R,Y5R,Y6R,PRRP,V1AR,V1BR,V2R,OTR,NPS,GNRH,NMU1,NMU2,TRHR,GHSR,MTLR,NTSR1,NTSR2,LGR6,LGR5,LGR4,TSHR,LSHR,FSHR,MRGPRG,MRGPRE,MRGPRX3,MRGPRD,MAS1,MRGPRF,MAS1L,MRGPRX4,MRGPRX1,MRGPRX2,RXFP2,RXFP1,P2Y13,P2Y12,P2Y14,P2Y4,P2Y2,P2Y6,P2Y1,P2Y11,PAR2,PAR1,PAR4,PAR3,RXFP4,RXFP3,FPR3,FPR2,FPR1,CHEMR,OXGR,SUCR,GPER,ACKR1,KISSR,QRFPR,AGTR2,AGTR1,BKRB2,BKRB1,ACKR3,APJR,CCR9,CCR7,CCR6,ACKR4,CXCR6,CXCR2,CXCR1,CXCR3,CXCR5,CCR10,CCR3,CCR1,CCR5,CCR2,CCR4,CCR8,CX3C1,ACKR2,CCRL2,CXCR4,XCR1,NPBW2,NPBW1,UR2R,C5AR2,C5AR1,C3AR,MCH2,MCH1,GAL2,GAL1,SST5,SST3,SST2,SST4,SST1,MOR,DOR,KOR,NOP,GAL3,GPR176,GPR37L1,GPR37,GPR162,GPR153,GPR82,GPR146,GPR22,GPR173,GPR85,GPR27,GPR78,GPR62,GPR150,GPR148,GPR75,GPR88,GPR149,GPR160,GPR151,GPR141,GPR142,GPR139,GPR39,GPR45,GPR83,GPR50,GPR61,GPR63,GPR19,GPR84,GPR52,GPR21,GPR26,GPR12,GPR6,GPR3,GPR135,GPR161,GPR101,P2RY10,GPR174,GPR20,GPR35,GPR87,GPR171,GPR34,GPR31,GPR17,GPR183,GPR68,GPR4,GPR65,GPR132,P2RY8,GPR152,GPR182,GPR25,GPR15,GPR1,GPR33,GPR32
4zjc_,4zjc_,6d26_,4xnw_,4xnw_,5ung_,4iar_,4iar_,4iar_,4iar_,4iar_,6bqh_,4ib4_,6bqh_,4bvn_,4iar_,4bvn_,4iar_,4bvn_,4bvn_,3pbl_,6cm4_,3pbl_,6cm4_,4bvn_,2rh1_,4bvn_,4bvn_,6cm4_,3pbl_,5wiv_,4bvn_,3rze_,4bvn_,5cxv_,4u15_,5cxv_,3uon_,4u15_,5dsg_,4u15_,6cm4_,6cm4_,6cm4_,4bvn_,6cm4_,6cm4_,2rh1_,5x33_,5x33_,3odu_,5xsz_,5tgz_,5tgz_,4phu_,4phu_,4phu_,5x33_,3v2y_,3v2y_,3v2y_,3v2y_,3v2y_,4z35_,4z35_,4z35_,5xsz_,5xsz_,5xsz_,3pbl_,6d26_,6d26_,5zbq_,3rze_,3pbl_,6cm4_,5zbq_,5dhg_,4phu_,5ndd_,5zkq_,4eiy_,4phu_,5xsz_,6cm4_,5zbq_,5uen_,4eiy_,4eiy_,5uen_,4bvn_,5tgz_,4z35_,4eiy_,4eiy_,1u19_,1u19_,1u19_,1u19_,1u19_,5uen_,1u19_,5x93_,5x93_,5x93_,5x93_,5x93_,5zbq_,4zjc_,5zbq_,4zjc_,4s0v_,4zjc_,4s0v_,4zjc_,4s0v_,5zbq_,4s0v_,5zbq_,5zbq_,5zbq_,4zjc_,4s0v_,5x33_,5x33_,4zjc_,6bqh_,3odu_,4xes_,4xes_,5dhg_,4xes_,4xes_,4xes_,4xes_,3pbl_,4iar_,3odu_,2rh1_,2rh1_,2rh1_,6c1r_,6c1r_,5ung_,6c1r_,5ndd_,6c1r_,6c1r_,6c1r_,6c1r_,6d26_,5wiv_,4bvn_,4pxz_,4pxz_,4pxz_,4xnw_,4xnw_,4xnw_,4xnw_,4xnw_,5ndd_,3vw7_,5ndd_,5ndd_,4n6h_,5dhg_,6d26_,6c1r_,3odu_,6c1r_,4xnw_,4xnw_,5ung_,6c1r_,5dhg_,5zbq_,5ung_,4zud_,5ung_,4zud_,4zud_,5vbl_,5lwe_,5lwe_,5lwe_,5lwe_,5lwe_,5lwe_,5lwe_,3odu_,3odu_,5lwe_,4mbs_,4mbs_,4mbs_,5t1a_,4mbs_,4mbs_,5t1a_,5t1a_,4mbs_,3odu_,5t1a_,4n6h_,5dhg_,5dhg_,6c1r_,6c1r_,6c1r_,4djh_,5dhg_,5dhg_,5dhg_,5dhg_,5dhg_,4dkl_,4n6h_,4n6h_,4dkl_,4n6h_,4djh_,5dhg_,5dhg_,4bvn_,5x93_,5x93_,5zbq_,5ung_,4s0v_,5ung_,4s0v_,5uen_,6bqh_,5wiv_,4zjc_,5wiv_,5x33_,5wiv_,5lwe_,4bvn_,3rze_,5uen_,5x33_,5dhg_,4xes_,4xes_,4xes_,6cm4_,4s0v_,6bqh_,5wiv_,3pbl_,3pbl_,4zjc_,4u15_,4u15_,5cxv_,4z35_,3v2y_,3v2y_,4bvn_,4iar_,4bvn_,5xsz_,5zkq_,5ndd_,5dhg_,4pxz_,4pxz_,4pxz_,6d26_,3vw7_,3vw7_,5zkq_,4xnw_,4xnw_,4xnw_,3vw7_,6d26_,5dhg_,5vbl_,5vbl_,4zud_,6d26_,6d26_
4s0v_,4s0v_,4n6h_,4n6h_,4n6h_,4xnw_,4bvn_,6cm4_,6cm4_,4bvn_,6cm4_,4ib4_,6bqh_,4ib4_,2rh1_,6cm4_,6bqh_,6cm4_,6cm4_,6cm4_,4bvn_,3pbl_,6cm4_,3pbl_,2rh1_,4bvn_,2rh1_,4iar_,3pbl_,6cm4_,3pbl_,6cm4_,5cxv_,6cm4_,4u15_,5cxv_,4u15_,5dsg_,5cxv_,3uon_,5cxv_,4bvn_,4iar_,4bvn_,2rh1_,4iar_,5dsg_,6cm4_,6c1r_,6d26_,5xsz_,4dkl_,3v2y_,4bvn_,5wiv_,5ndd_,3vw7_,6cm4_,4z35_,4z35_,4z35_,4z35_,4z35_,3v2y_,3v2y_,3v2y_,4xnw_,5ndd_,3vw7_,6cm4_,4n6h_,5tgz_,4iar_,4zjc_,6cm4_,4iar_,5zbq_,4xes_,6d26_,5xsz_,4pxz_,2rh1_,3vw7_,5vbl_,4eiy_,3rze_,4eiy_,5uen_,5uen_,4eiy_,2rh1_,4eiy_,4eiy_,4bvn_,5uen_,3pbl_,4zjc_,5zbq_,5zbq_,5zbq_,4bvn_,5dhg_,5ung_,5vbl_,5ung_,4dkl_,5vbl_,4zjc_,5zbq_,4s0v_,4s0v_,4zjc_,4s0v_,5zbq_,4s0v_,4zjc_,4n6h_,5zbq_,4n6h_,4s0v_,4s0v_,5zbq_,4n6h_,4n6h_,4zjc_,4s0v_,4zud_,5vbl_,4n6h_,5dhg_,4zjc_,6cm4_,5x33_,4djh_,4bvn_,6d26_,3v2y_,4zud_,4eiy_,4bvn_,3odu_,4phu_,5x33_,4n6h_,6d26_,6d26_,6d26_,6d26_,6d26_,6d26_,5x33_,5ung_,5uen_,5zkq_,5zkq_,5xsz_,4n6h_,5xsz_,4n6h_,5ndd_,5ndd_,3vw7_,5ndd_,3vw7_,3vw7_,5dhg_,4zud_,6c1r_,6d26_,6d26_,6d26_,3odu_,5ndd_,4zud_,5wiv_,4djh_,4zjc_,4zud_,5ung_,4zud_,5ung_,5ung_,4zud_,4mbs_,5t1a_,5t1a_,3odu_,5t1a_,3odu_,3odu_,5t1a_,5lwe_,4mbs_,5t1a_,5t1a_,5t1a_,4mbs_,5t1a_,5t1a_,4mbs_,4mbs_,5t1a_,4zud_,4mbs_,4djh_,4n6h_,4n6h_,6d26_,5vbl_,6d26_,4n6h_,4n6h_,4djh_,4djh_,4n6h_,4n6h_,4n6h_,5dhg_,5dhg_,4n6h_,4dkl_,4dkl_,4djh_,4djh_,4s0v_,5x33_,4djh_,5ung_,5wiv_,4pxz_,5cxv_,4s0v_,5wiv_,4ib4_,4ib4_,4s0v_,3pbl_,4zjc_,5cxv_,3v2y_,3pbl_,4iar_,3rze_,4mbs_,4xnw_,3v2y_,3odu_,6bqh_,4iar_,5zbq_,4s0v_,3pbl_,4iar_,3uon_,5x93_,4eiy_,4bvn_,3rze_,3v2y_,6cm4_,4iar_,4eiy_,4bvn_,2rh1_,5zkq_,5ndd_,3vw7_,5xsz_,4zud_,5xsz_,5zkq_,4xnw_,5vbl_,5xsz_,5xsz_,5xsz_,5ndd_,3vw7_,5ndd_,5x33_,4djh_,4zud_,4zud_,6d26_,6c1r_,4n6h_
4iar_,4iar_,4n6h_,5ndd_,5ung_,4n6h_,6cm4_,4bvn_,3pbl_,3pbl_,3pbl_,6cm4_,6cm4_,6cm4_,4iar_,3pbl_,5wiv_,4bvn_,3pbl_,3pbl_,6cm4_,4iar_,5wiv_,5wiv_,4iar_,4iar_,3pbl_,2rh1_,5wiv_,5wiv_,6cm4_,4iar_,5dsg_,4iar_,5dsg_,6cm4_,5dsg_,4u15_,5dsg_,4u15_,5dsg_,2rh1_,2rh1_,4iar_,4iar_,3uon_,5dsg_,4iar_,6d26_,4n6h_,4zud_,4xnw_,4z35_,3v2y_,6d26_,3vw7_,5ndd_,5wiv_,5tgz_,5tgz_,5tgz_,5tgz_,5tgz_,3pbl_,4eiy_,4iar_,3vw7_,4xnw_,4xnw_,5wiv_,5x33_,5x33_,4phu_,4s0v_,5wiv_,6c1r_,5zbq_,4bvn_,5x33_,3odu_,5xsz_,5cxv_,5ndd_,3vw7_,3rze_,5lwe_,6cm4_,6cm4_,4bvn_,4bvn_,4iar_,4bvn_,5uen_,4iar_,4z35_,6cm4_,5dhg_,6c1r_,6c1r_,4bvn_,4iar_,5x33_,4zjc_,4zjc_,5dhg_,4djh_,4dkl_,4s0v_,4s0v_,4zjc_,4djh_,4dkl_,5zbq_,4zjc_,5zbq_,5zbq_,4s0v_,4zjc_,4s0v_,5dhg_,5x33_,5dhg_,4dkl_,4n6h_,4n6h_,5x33_,5cxv_,3vw7_,5dhg_,4djh_,4eiy_,5wiv_,5dhg_,5dhg_,5x33_,4ib4_,4eiy_,5lwe_,5x93_,4zjc_,4zud_,3pbl_,6d26_,4dkl_,5dhg_,5vbl_,5vbl_,5lwe_,4djh_,5x33_,5vbl_,2rh1_,4zjc_,4zud_,4mbs_,4mbs_,4dkl_,3vw7_,5xsz_,5xsz_,5x33_,4xnw_,5xsz_,5lwe_,4xnw_,5ung_,4n6h_,3odu_,4dkl_,4dkl_,4zud_,3vw7_,5ung_,4djh_,5x33_,4n6h_,5dhg_,4dkl_,3odu_,5lwe_,4mbs_,3odu_,3odu_,5t1a_,4mbs_,4mbs_,5t1a_,4mbs_,5t1a_,5t1a_,4mbs_,5t1a_,5x33_,5lwe_,5lwe_,5lwe_,5lwe_,3odu_,5lwe_,3odu_,5lwe_,4zud_,5lwe_,3odu_,4dkl_,4djh_,4djh_,5x33_,5x33_,5x33_,4dkl_,3uon_,4dkl_,4n6h_,4dkl_,4djh_,4djh_,4djh_,4djh_,4djh_,4djh_,4n6h_,4n6h_,5vbl_,4s0v_,5vbl_,4zud_,4phu_,6d26_,4zjc_,4u15_,4s0v_,5dsg_,5zbq_,1u19_,5wiv_,4iar_,4z35_,5x93_,6cm4_,5vbl_,4z35_,5lwe_,3uon_,5xsz_,3v2y_,5uen_,4ib4_,5cxv_,4zjc_,3pbl_,4bvn_,6cm4_,4zjc_,4s0v_,5cxv_,4eiy_,4u15_,5tgz_,5dsg_,5tgz_,5wiv_,3uon_,5t1a_,4xnw_,5xsz_,5dhg_,4xnw_,4dkl_,5zkq_,5xsz_,4n6h_,5xsz_,5t1a_,5x33_,5ndd_,5zkq_,5xsz_,4xnw_,6c1r_,5ndd_,5dhg_,5ung_,4djh_,4dkl_,5ung_
4djh_,5dsg_,5ndd_,5ung_,5ndd_,3vw7_,3pbl_,3pbl_,4bvn_,6cm4_,3rze_,4bvn_,5wiv_,3pbl_,3pbl_,4bvn_,6cm4_,3pbl_,4iar_,4iar_,5wiv_,5wiv_,6bqh_,4iar_,3pbl_,6cm4_,5wiv_,6cm4_,4iar_,4iar_,4bvn_,2rh1_,3uon_,2rh1_,3uon_,5dsg_,3uon_,5cxv_,3uon_,5cxv_,3uon_,4iar_,6bqh_,2rh1_,6cm4_,2rh1_,4iar_,5dsg_,4zud_,5vbl_,3vw7_,4zud_,4iar_,4z35_,3vw7_,5zkq_,4xnw_,4djh_,4iar_,4iar_,5cxv_,6d26_,4iar_,6cm4_,4iar_,3pbl_,4djh_,3vw7_,4zud_,4eiy_,6c1r_,5ndd_,4eiy_,6d26_,4xnw_,6bqh_,4eiy_,4phu_,5vbl_,4xnw_,4xnw_,4u15_,4xnw_,5dhg_,3pbl_,5cxv_,4bvn_,4bvn_,2rh1_,5cxv_,3v2y_,4iar_,4iar_,4z35_,3v2y_,4zud_,6c1r_,3pbl_,5uen_,5uen_,2rh1_,6c1r_,5vbl_,4s0v_,4djh_,5vbl_,4djh_,4djh_,5x33_,2rh1_,5dhg_,5dhg_,4eiy_,5dhg_,5dhg_,6cm4_,6c1r_,4bvn_,5dhg_,4zjc_,4n6h_,4s0v_,4zjc_,4ib4_,5dhg_,4bvn_,3pbl_,6c1r_,4dkl_,4dkl_,4s0v_,3pbl_,4n6h_,6cm4_,4n6h_,5cxv_,6bqh_,4pxz_,4zjc_,5cxv_,4eiy_,3odu_,4zud_,6c1r_,5lwe_,6c1r_,4xnw_,5ung_,4djh_,5ung_,6c1r_,2rh1_,2rh1_,5vbl_,4dkl_,4xnw_,5xsz_,6d26_,4zud_,5ung_,5vbl_,5xsz_,4xnw_,5vbl_,4xnw_,6d26_,5ung_,4dkl_,4zud_,6c1r_,5vbl_,5ung_,4djh_,5dhg_,4xes_,4zjc_,4s0v_,4n6h_,4djh_,3odu_,5lwe_,4xnw_,6c1r_,3odu_,3odu_,3odu_,5ung_,4zud_,4mbs_,4mbs_,5vbl_,4zud_,5t1a_,4zud_,4zud_,3odu_,4zud_,5lwe_,3odu_,4zud_,3odu_,5ung_,5t1a_,4zud_,5dhg_,4dkl_,4dkl_,5vbl_,6d26_,4n6h_,5ung_,4dkl_,4n6h_,4dkl_,4djh_,4dkl_,5dhg_,4dkl_,4dkl_,5dhg_,5dhg_,5dhg_,4dkl_,6d26_,6bqh_,4djh_,4dkl_,5x33_,1u19_,4n6h_,4mbs_,5zbq_,6cm4_,6cm4_,4zjc_,3rze_,6d26_,4xes_,4eiy_,3pbl_,4iar_,4u15_,4xnw_,5lwe_,4djh_,4mbs_,5t1a_,4xnw_,4ib4_,5dhg_,4dkl_,6cm4_,4bvn_,5dsg_,6cm4_,4bvn_,5cxv_,3pbl_,2rh1_,4z35_,4z35_,5x33_,6cm4_,4iar_,4pxz_,4xnw_,4xnw_,4djh_,5zkq_,4dkl_,5ndd_,5x33_,4xnw_,4xnw_,5ung_,5zkq_,5xsz_,5ndd_,5xsz_,5vbl_,4zud_,5x33_,4xnw_,5dhg_,3odu_,5dhg_
5zbq_,5dsg_,5wiv_,5xsz_,5xsz_,5xsz_,2rh1_,3rze_,2rh1_,2rh1_,4bvn_,3pbl_,4bvn_,5wiv_,6cm4_,3rze_,3pbl_,5dsg_,2rh1_,2rh1_,2rh1_,4bvn_,4iar_,6bqh_,6cm4_,6bqh_,4iar_,3pbl_,6bqh_,4bvn_,6bqh_,3pbl_,4iar_,3pbl_,3pbl_,5dsg_,3rze_,3rze_,3rze_,3rze_,3rze_,5cxv_,5wiv_,5wiv_,5wiv_,5dsg_,5cxv_,5dsg_,5dhg_,5dhg_,4xnw_,3odu_,4u15_,4eiy_,4zud_,4pxz_,6d26_,3odu_,4u15_,4eiy_,4bvn_,4zjc_,5cxv_,5tgz_,5tgz_,2rh1_,5vbl_,6d26_,5ung_,3odu_,5ung_,4bvn_,6cm4_,5tgz_,6bqh_,5xsz_,4djh_,5tgz_,4bvn_,4zud_,5ndd_,5uen_,6d26_,5dhg_,3pbl_,6cm4_,3rze_,2rh1_,6cm4_,6cm4_,3v2y_,3v2y_,5tgz_,5tgz_,4bvn_,5zbq_,5zbq_,5uen_,3pbl_,5uen_,1u19_,3pbl_,4zud_,5ung_,4dkl_,4n6h_,4xnw_,2rh1_,3pbl_,4djh_,4dkl_,4n6h_,5dhg_,5dhg_,3pbl_,5ung_,4zjc_,5vbl_,4zjc_,4djh_,4zjc_,4djh_,4djh_,5dhg_,5dhg_,5wiv_,3odu_,4zjc_,5wiv_,5ung_,4n6h_,4zjc_,5wiv_,4dkl_,4dkl_,3odu_,4s0v_,1u19_,4z35_,3odu_,4ib4_,5ung_,5dhg_,4djh_,5ndd_,5ung_,5zbq_,5dsg_,5vbl_,4dkl_,5cxv_,5x93_,5x93_,3odu_,5ndd_,5t1a_,5dhg_,5ndd_,4dkl_,3vw7_,6d26_,4djh_,6c1r_,6c1r_,5vbl_,5vbl_,4dkl_,4n6h_,3odu_,4n6h_,4n6h_,5ndd_,4zud_,3odu_,5x93_,4dkl_,4n6h_,4djh_,5vbl_,5vbl_,3odu_,5dhg_,4dkl_,4zud_,4zud_,4zud_,4mbs_,3odu_,5vbl_,5dhg_,4zud_,4mbs_,3odu_,3odu_,4djh_,4zud_,3odu_,4zud_,4zud_,5ung_,5vbl_,5lwe_,4mbs_,5ung_,4xnw_,5ung_,5x33_,4zud_,3odu_,5vbl_,5dhg_,4djh_,4bvn_,4zjc_,5wiv_,5ung_,3odu_,4zud_,4zud_,4zud_,4zud_,4zud_,4zud_,4n6h_,5lwe_,4ib4_,5ung_,4iar_,3vw7_,4djh_,4mbs_,5x33_,5cxv_,5cxv_,6bqh_,4phu_,6cm4_,6c1r_,6cm4_,5x33_,5dhg_,5cxv_,3v2y_,5lwe_,6d26_,4eiy_,6cm4_,4bvn_,5dsg_,4dkl_,5zbq_,6c1r_,6bqh_,5wiv_,5zbq_,2rh1_,3uon_,5dsg_,6cm4_,5tgz_,3pbl_,5cxv_,4eiy_,5dsg_,5ndd_,5ung_,4djh_,4n6h_,4xnw_,5ndd_,3vw7_,4phu_,4zud_,5lwe_,5dhg_,5dhg_,5dhg_,5zkq_,4djh_,5t1a_,5lwe_,6c1r_,5lwe_,6c1r_,4djh_,4djh_
,,,,,,,,,,,,,,,,,,,,,,,,,,,,,,,,,,,,,,,,,,,,,,,,,,,,,,,,,,,,,,,,,,,,,,,,,,,,,,,,,,,,,,,,,,,,,,,,,,,,,,,,,,,,,,,,,,,,,,,,,,,,,,,,,,,,,,,,,,,,,,,,,,,,,,,,,,,,,,,,,,,,,,,,,,,,,,,,,,,,,,,,,,,,,,,,,,,,,,,,,,,,,,,,,,,,,,,,,,,,,,,,,,,,,,,,,,,,,,,,,,,,,,,,,,,,,,,,,,,,,,,,,,,,,,,,,,,,,,,,,,,,,
,,,,,,,,,,,,,,,,,,,,,,,,,,,,,,,,,,,,,,,,,,,,,,,,,,,,,,,,,,,,,,,,,,,,,,,,,,,,,,,,,,,,,,,,,,,,,,,,,,,,,,,,,,,,,,,,,,,,,,,,,,,,,,,,,,,,,,,,,,,,,,,,,,,,,,,,,,,,,,,,,,,,,,,,,,,,,,,,,,,,,,,,,,,,,,,,,,,,,,,,,,,,,,,,,,,,,,,,,,,,,,,,,,,,,,,,,,,,,,,,,,,,,,,,,,,,,,,,,,,,,,,,,,,,,,,,,,,,,,,,,,,,,
,,,,,,,,,,,,,,,,,,,,,,,,,,,,,,,,,,,,,,,,,,,,,,,,,,,,,,,,,,,,,,,,,,,,,,,,,,,,,,,,,,,,,,,,,,,,,,,,,,,,,,,,,,,,,,,,,,,,,,,,,,,,,,,,,,,,,,,,,,,,,,,,,,,,,,,,,,,,,,,,,,,,,,,,,,,,,,,,,,,,,,,,,,,,,,,,,,,,,,,,,,,,,,,,,,,,,,,,,,,,,,,,,,,,,,,,,,,,,,,,,,,,,,,,,,,,,,,,,,,,,,,,,,,,,,,,,,,,,,,,,,,,,
,,,,,,,,,,,,,,,,,,,,,,,,,,,,,,,,,,,,,,,,,,,,,,,,,,,,,,,,,,,,,,,,,,,,,,,,,,,,,,,,,,,,,,,,,,,,,,,,,,,,,,,,,,,,,,,,,,,,,,,,,,,,,,,,,,,,,,,,,,,,,,,,,,,,,,,,,,,,,,,,,,,,,,,,,,,,,,,,,,,,,,,,,,,,,,,,,,,,,,,,,,,,,,,,,,,,,,,,,,,,,,,,,,,,,,,,,,,,,,,,,,,,,,,,,,,,,,,,,,,,,,,,,,,,,,,,,,,,,,,,,,,,,
,,,,,,,,,,,,,,,,,,,,,,,,,,,,,,,,,,,,,,,,,,,,,,,,,,,,,,,,,,,,,,,,,,,,,,,,,,,,,,,,,,,,,,,,,,,,,,,,,,,,,,,,,,,,,,,,,,,,,,,,,,,,,,,,,,,,,,,,,,,,,,,,,,,,,,,,,,,,,,,,,,,,,,,,,,,,,,,,,,,,,,,,,,,,,,,,,,,,,,,,,,,,,,,,,,,,,,,,,,,,,,,,,,,,,,,,,,,,,,,,,,,,,,,,,,,,,,,,,,,,,,,,,,,,,,,,,,,,,,,,,,,,,
,,,,,,,,,,,,,,,,,,,,,,,,,,,,,,,,,,,,,,,,,,,,,,,,,,,,,,,,,,,,,,,,,,,,,,,,,,,,,,,,,,,,,,,,,,,,,,,,,,,,,,,,,,,,,,,,,,,,,,,,,,,,,,,,,,,,,,,,,,,,,,,,,,,,,,,,,,,,,,,,,,,,,,,,,,,,,,,,,,,,,,,,,,,,,,,,,,,,,,,,,,,,,,,,,,,,,,,,,,,,,,,,,,,,,,,,,,,,,,,,,,,,,,,,,,,,,,,,,,,,,,,,,,,,,,,,,,,,,,,,,,,,,
,,,,,,,,,,,,,,,,,,,,,,,,,,,,,,,,,,,,,,,,,,,,,,,,,,,,,,,,,,,,,,,,,,,,,,,,,,,,,,,,,,,,,,,,,,,,,,,,,,,,,,,,,,,,,,,,,,,,,,,,,,,,,,,,,,,,,,,,,,,,,,,,,,,,,,,,,,,,,,,,,,,,,,,,,,,,,,,,,,,,,,,,,,,,,,,,,,,,,,,,,,,,,,,,,,,,,,,,,,,,,,,,,,,,,,,,,,,,,,,,,,,,,,,,,,,,,,,,,,,,,,,,,,,,,,,,,,,,,,,,,,,,,
,,,,,,,,,,,,,,,,,,,,,,,,,,,,,,,,,,,,,,,,,,,,,,,,,,,,,,,,,,,,,,,,,,,,,,,,,,,,,,,,,,,,,,,,,,,,,,,,,,,,,,,,,,,,,,,,,,,,,,,,,,,,,,,,,,,,,,,,,,,,,,,,,,,,,,,,,,,,,,,,,,,,,,,,,,,,,,,,,,,,,,,,,,,,,,,,,,,,,,,,,,,,,,,,,,,,,,,,,,,,,,,,,,,,,,,,,,,,,,,,,,,,,,,,,,,,,,,,,,,,,,,,,,,,,,,,,,,,,,,,,,,,,
,,,,,,,,,,,,,,,,,,,,,,,,,,,,,,,,,,,,,,,,,,,,,,,,,,,,,,,,,,,,,,,,,,,,,,,,,,,,,,,,,,,,,,,,,,,,,,,,,,,,,,,,,,,,,,,,,,,,,,,,,,,,,,,,,,,,,,,,,,,,,,,,,,,,,,,,,,,,,,,,,,,,,,,,,,,,,,,,,,,,,,,,,,,,,,,,,,,,,,,,,,,,,,,,,,,,,,,,,,,,,,,,,,,,,,,,,,,,,,,,,,,,,,,,,,,,,,,,,,,,,,,,,,,,,,,,,,,,,,,,,,,,,
,,,,,,,,,,,,,,,,,,,,,,,,,,,,,,,,,,,,,,,,,,,,,,,,,,,,,,,,,,,,,,,,,,,,,,,,,,,,,,,,,,,,,,,,,,,,,,,,,,,,,,,,,,,,,,,,,,,,,,,,,,,,,,,,,,,,,,,,,,,,,,,,,,,,,,,,,,,,,,,,,,,,,,,,,,,,,,,,,,,,,,,,,,,,,,,,,,,,,,,,,,,,,,,,,,,,,,,,,,,,,,,,,,,,,,,,,,,,,,,,,,,,,,,,,,,,,,,,,,,,,,,,,,,,,,,,,,,,,,,,,,,,,
,,,,,,,,,,,,,,,,,,,,,,,,,,,,,,,,,,,,,,,,,,,,,,,,,,,,,,,,,,,,,,,,,,,,,,,,,,,,,,,,,,,,,,,,,,,,,,,,,,,,,,,,,,,,,,,,,,,,,,,,,,,,,,,,,,,,,,,,,,,,,,,,,,,,,,,,,,,,,,,,,,,,,,,,,,,,,,,,,,,,,,,,,,,,,,,,,,,,,,,,,,,,,,,,,,,,,,,,,,,,,,,,,,,,,,,,,,,,,,,,,,,,,,,,,,,,,,,,,,,,,,,,,,,,,,,,,,,,,,,,,,,,,
,,,,,,,,,,,,,,,,,,,,,,,,,,,,,,,,,,,,,,,,,,,,,,,,,,,,,,,,,,,,,,,,,,,,,,,,,,,,,,,,,,,,,,,,,,,,,,,,,,,,,,,,,,,,,,,,,,,,,,,,,,,,,,,,,,,,,,,,,,,,,,,,,,,,,,,,,,,,,,,,,,,,,,,,,,,,,,,,,,,,,,,,,,,,,,,,,,,,,,,,,,,,,,,,,,,,,,,,,,,,,,,,,,,,,,,,,,,,,,,,,,,,,,,,,,,,,,,,,,,,,,,,,,,,,,,,,,,,,,,,,,,,,
,,,,,,,,,,,,,,,,,,,,,,,,,,,,,,,,,,,,,,,,,,,,,,,,,,,,,,,,,,,,,,,,,,,,,,,,,,,,,,,,,,,,,,,,,,,,,,,,,,,,,,,,,,,,,,,,,,,,,,,,,,,,,,,,,,,,,,,,,,,,,,,,,,,,,,,,,,,,,,,,,,,,,,,,,,,,,,,,,,,,,,,,,,,,,,,,,,,,,,,,,,,,,,,,,,,,,,,,,,,,,,,,,,,,,,,,,,,,,,,,,,,,,,,,,,,,,,,,,,,,,,,,,,,,,,,,,,,,,,,,,,,,,
,,,,,,,,,,,,,,,,,,,,,,,,,,,,,,,,,,,,,,,,,,,,,,,,,,,,,,,,,,,,,,,,,,,,,,,,,,,,,,,,,,,,,,,,,,,,,,,,,,,,,,,,,,,,,,,,,,,,,,,,,,,,,,,,,,,,,,,,,,,,,,,,,,,,,,,,,,,,,,,,,,,,,,,,,,,,,,,,,,,,,,,,,,,,,,,,,,,,,,,,,,,,,,,,,,,,,,,,,,,,,,,,,,,,,,,,,,,,,,,,,,,,,,,,,,,,,,,,,,,,,,,,,,,,,,,,,,,,,,,,,,,,,
,,,,,,,,,,,,,,,,,,,,,,,,,,,,,,,,,,,,,,,,,,,,,,,,,,,,,,,,,,,,,,,,,,,,,,,,,,,,,,,,,,,,,,,,,,,,,,,,,,,,,,,,,,,,,,,,,,,,,,,,,,,,,,,,,,,,,,,,,,,,,,,,,,,,,,,,,,,,,,,,,,,,,,,,,,,,,,,,,,,,,,,,,,,,,,,,,,,,,,,,,,,,,,,,,,,,,,,,,,,,,,,,,,,,,,,,,,,,,,,,,,,,,,,,,,,,,,,,,,,,,,,,,,,,,,,,,,,,,,,,,,,,,
,,,,,,,,,,,,,,,,,,,,,,,,,,,,,,,,,,,,,,,,,,,,,,,,,,,,,,,,,,,,,,,,,,,,,,,,,,,,,,,,,,,,,,,,,,,,,,,,,,,,,,,,,,,,,,,,,,,,,,,,,,,,,,,,,,,,,,,,,,,,,,,,,,,,,,,,,,,,,,,,,,,,,,,,,,,,,,,,,,,,,,,,,,,,,,,,,,,,,,,,,,,,,,,,,,,,,,,,,,,,,,,,,,,,,,,,,,,,,,,,,,,,,,,,,,,,,,,,,,,,,,,,,,,,,,,,,,,,,,,,,,,,,
,,,,,,,,,,,,,,,,,,,,,,,,,,,,,,,,,,,,,,,,,,,,,,,,,,,,,,,,,,,,,,,,,,,,,,,,,,,,,,,,,,,,,,,,,,,,,,,,,,,,,,,,,,,,,,,,,,,,,,,,,,,,,,,,,,,,,,,,,,,,,,,,,,,,,,,,,,,,,,,,,,,,,,,,,,,,,,,,,,,,,,,,,,,,,,,,,,,,,,,,,,,,,,,,,,,,,,,,,,,,,,,,,,,,,,,,,,,,,,,,,,,,,,,,,,,,,,,,,,,,,,,,,,,,,,,,,,,,,,,,,,,,,
,,,,,,,,,,,,,,,,,,,,,,,,,,,,,,,,,,,,,,,,,,,,,,,,,,,,,,,,,,,,,,,,,,,,,,,,,,,,,,,,,,,,,,,,,,,,,,,,,,,,,,,,,,,,,,,,,,,,,,,,,,,,,,,,,,,,,,,,,,,,,,,,,,,,,,,,,,,,,,,,,,,,,,,,,,,,,,,,,,,,,,,,,,,,,,,,,,,,,,,,,,,,,,,,,,,,,,,,,,,,,,,,,,,,,,,,,,,,,,,,,,,,,,,,,,,,,,,,,,,,,,,,,,,,,,,,,,,,,,,,,,,,,
,,,,,,,,,,,,,,,,,,,,,,,,,,,,,,,,,,,,,,,,,,,,,,,,,,,,,,,,,,,,,,,,,,,,,,,,,,,,,,,,,,,,,,,,,,,,,,,,,,,,,,,,,,,,,,,,,,,,,,,,,,,,,,,,,,,,,,,,,,,,,,,,,,,,,,,,,,,,,,,,,,,,,,,,,,,,,,,,,,,,,,,,,,,,,,,,,,,,,,,,,,,,,,,,,,,,,,,,,,,,,,,,,,,,,,,,,,,,,,,,,,,,,,,,,,,,,,,,,,,,,,,,,,,,,,,,,,,,,,,,,,,,,
,,,,,,,,,,,,,,,,,,,,,,,,,,,,,,,,,,,,,,,,,,,,,,,,,,,,,,,,,,,,,,,,,,,,,,,,,,,,,,,,,,,,,,,,,,,,,,,,,,,,,,,,,,,,,,,,,,,,,,,,,,,,,,,,,,,,,,,,,,,,,,,,,,,,,,,,,,,,,,,,,,,,,,,,,,,,,,,,,,,,,,,,,,,,,,,,,,,,,,,,,,,,,,,,,,,,,,,,,,,,,,,,,,,,,,,,,,,,,,,,,,,,,,,,,,,,,,,,,,,,,,,,,,,,,,,,,,,,,,,,,,,,,
,,,,,,,,,,,,,,,,,,,,,,,,,,,,,,,,,,,,,,,,,,,,,,,,,,,,,,,,,,,,,,,,,,,,,,,,,,,,,,,,,,,,,,,,,,,,,,,,,,,,,,,,,,,,,,,,,,,,,,,,,,,,,,,,,,,,,,,,,,,,,,,,,,,,,,,,,,,,,,,,,,,,,,,,,,,,,,,,,,,,,,,,,,,,,,,,,,,,,,,,,,,,,,,,,,,,,,,,,,,,,,,,,,,,,,,,,,,,,,,,,,,,,,,,,,,,,,,,,,,,,,,,,,,,,,,,,,,,,,,,,,,,,
,,,,,,,,,,,,,,,,,,,,,,,,,,,,,,,,,,,,,,,,,,,,,,,,,,,,,,,,,,,,,,,,,,,,,,,,,,,,,,,,,,,,,,,,,,,,,,,,,,,,,,,,,,,,,,,,,,,,,,,,,,,,,,,,,,,,,,,,,,,,,,,,,,,,,,,,,,,,,,,,,,,,,,,,,,,,,,,,,,,,,,,,,,,,,,,,,,,,,,,,,,,,,,,,,,,,,,,,,,,,,,,,,,,,,,,,,,,,,,,,,,,,,,,,,,,,,,,,,,,,,,,,,,,,,,,,,,,,,,,,,,,,,
,,,,,,,,,,,,,,,,,,,,,,,,,,,,,,,,,,,,,,,,,,,,,,,,,,,,,,,,,,,,,,,,,,,,,,,,,,,,,,,,,,,,,,,,,,,,,,,,,,,,,,,,,,,,,,,,,,,,,,,,,,,,,,,,,,,,,,,,,,,,,,,,,,,,,,,,,,,,,,,,,,,,,,,,,,,,,,,,,,,,,,,,,,,,,,,,,,,,,,,,,,,,,,,,,,,,,,,,,,,,,,,,,,,,,,,,,,,,,,,,,,,,,,,,,,,,,,,,,,,,,,,,,,,,,,,,,,,,,,,,,,,,,
,,,,,,,,,,,,,,,,,,,,,,,,,,,,,,,,,,,,,,,,,,,,,,,,,,,,,,,,,,,,,,,,,,,,,,,,,,,,,,,,,,,,,,,,,,,,,,,,,,,,,,,,,,,,,,,,,,,,,,,,,,,,,,,,,,,,,,,,,,,,,,,,,,,,,,,,,,,,,,,,,,,,,,,,,,,,,,,,,,,,,,,,,,,,,,,,,,,,,,,,,,,,,,,,,,,,,,,,,,,,,,,,,,,,,,,,,,,,,,,,,,,,,,,,,,,,,,,,,,,,,,,,,,,,,,,,,,,,,,,,,,,,,
,,,,,,,,,,,,,,,,,,,,,,,,,,,,,,,,,,,,,,,,,,,,,,,,,,,,,,,,,,,,,,,,,,,,,,,,,,,,,,,,,,,,,,,,,,,,,,,,,,,,,,,,,,,,,,,,,,,,,,,,,,,,,,,,,,,,,,,,,,,,,,,,,,,,,,,,,,,,,,,,,,,,,,,,,,,,,,,,,,,,,,,,,,,,,,,,,,,,,,,,,,,,,,,,,,,,,,,,,,,,,,,,,,,,,,,,,,,,,,,,,,,,,,,,,,,,,,,,,,,,,,,,,,,,,,,,,,,,,,,,,,,,,
,,,,,,,,,,,,,,,,,,,,,,,,,,,,,,,,,,,,,,,,,,,,,,,,,,,,,,,,,,,,,,,,,,,,,,,,,,,,,,,,,,,,,,,,,,,,,,,,,,,,,,,,,,,,,,,,,,,,,,,,,,,,,,,,,,,,,,,,,,,,,,,,,,,,,,,,,,,,,,,,,,,,,,,,,,,,,,,,,,,,,,,,,,,,,,,,,,,,,,,,,,,,,,,,,,,,,,,,,,,,,,,,,,,,,,,,,,,,,,,,,,,,,,,,,,,,,,,,,,,,,,,,,,,,,,,,,,,,,,,,,,,,,
,,,,,,,,,,,,,,,,,,,,,,,,,,,,,,,,,,,,,,,,,,,,,,,,,,,,,,,,,,,,,,,,,,,,,,,,,,,,,,,,,,,,,,,,,,,,,,,,,,,,,,,,,,,,,,,,,,,,,,,,,,,,,,,,,,,,,,,,,,,,,,,,,,,,,,,,,,,,,,,,,,,,,,,,,,,,,,,,,,,,,,,,,,,,,,,,,,,,,,,,,,,,,,,,,,,,,,,,,,,,,,,,,,,,,,,,,,,,,,,,,,,,,,,,,,,,,,,,,,,,,,,,,,,,,,,,,,,,,,,,,,,,,
,,,,,,,,,,,,,,,,,,,,,,,,,,,,,,,,,,,,,,,,,,,,,,,,,,,,,,,,,,,,,,,,,,,,,,,,,,,,,,,,,,,,,,,,,,,,,,,,,,,,,,,,,,,,,,,,,,,,,,,,,,,,,,,,,,,,,,,,,,,,,,,,,,,,,,,,,,,,,,,,,,,,,,,,,,,,,,,,,,,,,,,,,,,,,,,,,,,,,,,,,,,,,,,,,,,,,,,,,,,,,,,,,,,,,,,,,,,,,,,,,,,,,,,,,,,,,,,,,,,,,,,,,,,,,,,,,,,,,,,,,,,,,
,,,,,,,,,,,,,,,,,,,,,,,,,,,,,,,,,,,,,,,,,,,,,,,,,,,,,,,,,,,,,,,,,,,,,,,,,,,,,,,,,,,,,,,,,,,,,,,,,,,,,,,,,,,,,,,,,,,,,,,,,,,,,,,,,,,,,,,,,,,,,,,,,,,,,,,,,,,,,,,,,,,,,,,,,,,,,,,,,,,,,,,,,,,,,,,,,,,,,,,,,,,,,,,,,,,,,,,,,,,,,,,,,,,,,,,,,,,,,,,,,,,,,,,,,,,,,,,,,,,,,,,,,,,,,,,,,,,,,,,,,,,,,
,,,,,,,,,,,,,,,,,,,,,,,,,,,,,,,,,,,,,,,,,,,,,,,,,,,,,,,,,,,,,,,,,,,,,,,,,,,,,,,,,,,,,,,,,,,,,,,,,,,,,,,,,,,,,,,,,,,,,,,,,,,,,,,,,,,,,,,,,,,,,,,,,,,,,,,,,,,,,,,,,,,,,,,,,,,,,,,,,,,,,,,,,,,,,,,,,,,,,,,,,,,,,,,,,,,,,,,,,,,,,,,,,,,,,,,,,,,,,,,,,,,,,,,,,,,,,,,,,,,,,,,,,,,,,,,,,,,,,,,,,,,,,
,,,,,,,,,,,,,,,,,,,,,,,,,,,,,,,,,,,,,,,,,,,,,,,,,,,,,,,,,,,,,,,,,,,,,,,,,,,,,,,,,,,,,,,,,,,,,,,,,,,,,,,,,,,,,,,,,,,,,,,,,,,,,,,,,,,,,,,,,,,,,,,,,,,,,,,,,,,,,,,,,,,,,,,,,,,,,,,,,,,,,,,,,,,,,,,,,,,,,,,,,,,,,,,,,,,,,,,,,,,,,,,,,,,,,,,,,,,,,,,,,,,,,,,,,,,,,,,,,,,,,,,,,,,,,,,,,,,,,,,,,,,,,
,,,,,,,,,,,,,,,,,,,,,,,,,,,,,,,,,,,,,,,,,,,,,,,,,,,,,,,,,,,,,,,,,,,,,,,,,,,,,,,,,,,,,,,,,,,,,,,,,,,,,,,,,,,,,,,,,,,,,,,,,,,,,,,,,,,,,,,,,,,,,,,,,,,,,,,,,,,,,,,,,,,,,,,,,,,,,,,,,,,,,,,,,,,,,,,,,,,,,,,,,,,,,,,,,,,,,,,,,,,,,,,,,,,,,,,,,,,,,,,,,,,,,,,,,,,,,,,,,,,,,,,,,,,,,,,,,,,,,,,,,,,,,
,,,,,,,,,,,,,,,,,,,,,,,,,,,,,,,,,,,,,,,,,,,,,,,,,,,,,,,,,,,,,,,,,,,,,,,,,,,,,,,,,,,,,,,,,,,,,,,,,,,,,,,,,,,,,,,,,,,,,,,,,,,,,,,,,,,,,,,,,,,,,,,,,,,,,,,,,,,,,,,,,,,,,,,,,,,,,,,,,,,,,,,,,,,,,,,,,,,,,,,,,,,,,,,,,,,,,,,,,,,,,,,,,,,,,,,,,,,,,,,,,,,,,,,,,,,,,,,,,,,,,,,,,,,,,,,,,,,,,,,,,,,,,
,,,,,,,,,,,,,,,,,,,,,,,,,,,,,,,,,,,,,,,,,,,,,,,,,,,,,,,,,,,,,,,,,,,,,,,,,,,,,,,,,,,,,,,,,,,,,,,,,,,,,,,,,,,,,,,,,,,,,,,,,,,,,,,,,,,,,,,,,,,,,,,,,,,,,,,,,,,,,,,,,,,,,,,,,,,,,,,,,,,,,,,,,,,,,,,,,,,,,,,,,,,,,,,,,,,,,,,,,,,,,,,,,,,,,,,,,,,,,,,,,,,,,,,,,,,,,,,,,,,,,,,,,,,,,,,,,,,,,,,,,,,,,
,,,,,,,,,,,,,,,,,,,,,,,,,,,,,,,,,,,,,,,,,,,,,,,,,,,,,,,,,,,,,,,,,,,,,,,,,,,,,,,,,,,,,,,,,,,,,,,,,,,,,,,,,,,,,,,,,,,,,,,,,,,,,,,,,,,,,,,,,,,,,,,,,,,,,,,,,,,,,,,,,,,,,,,,,,,,,,,,,,,,,,,,,,,,,,,,,,,,,,,,,,,,,,,,,,,,,,,,,,,,,,,,,,,,,,,,,,,,,,,,,,,,,,,,,,,,,,,,,,,,,,,,,,,,,,,,,,,,,,,,,,,,,
,,,,,,,,,,,,,,,,,,,,,,,,,,,,,,,,,,,,,,,,,,,,,,,,,,,,,,,,,,,,,,,,,,,,,,,,,,,,,,,,,,,,,,,,,,,,,,,,,,,,,,,,,,,,,,,,,,,,,,,,,,,,,,,,,,,,,,,,,,,,,,,,,,,,,,,,,,,,,,,,,,,,,,,,,,,,,,,,,,,,,,,,,,,,,,,,,,,,,,,,,,,,,,,,,,,,,,,,,,,,,,,,,,,,,,,,,,,,,,,,,,,,,,,,,,,,,,,,,,,,,,,,,,,,,,,,,,,,,,,,,,,,,
,,,,,,,,,,,,,,,,,,,,,,,,,,,,,,,,,,,,,,,,,,,,,,,,,,,,,,,,,,,,,,,,,,,,,,,,,,,,,,,,,,,,,,,,,,,,,,,,,,,,,,,,,,,,,,,,,,,,,,,,,,,,,,,,,,,,,,,,,,,,,,,,,,,,,,,,,,,,,,,,,,,,,,,,,,,,,,,,,,,,,,,,,,,,,,,,,,,,,,,,,,,,,,,,,,,,,,,,,,,,,,,,,,,,,,,,,,,,,,,,,,,,,,,,,,,,,,,,,,,,,,,,,,,,,,,,,,,,,,,,,,,,,
,,,,,,,,,,,,,,,,,,,,,,,,,,,,,,,,,,,,,,,,,,,,,,,,,,,,,,,,,,,,,,,,,,,,,,,,,,,,,,,,,,,,,,,,,,,,,,,,,,,,,,,,,,,,,,,,,,,,,,,,,,,,,,,,,,,,,,,,,,,,,,,,,,,,,,,,,,,,,,,,,,,,,,,,,,,,,,,,,,,,,,,,,,,,,,,,,,,,,,,,,,,,,,,,,,,,,,,,,,,,,,,,,,,,,,,,,,,,,,,,,,,,,,,,,,,,,,,,,,,,,,,,,,,,,,,,,,,,,,,,,,,,,
,,,,,,,,,,,,,,,,,,,,,,,,,,,,,,,,,,,,,,,,,,,,,,,,,,,,,,,,,,,,,,,,,,,,,,,,,,,,,,,,,,,,,,,,,,,,,,,,,,,,,,,,,,,,,,,,,,,,,,,,,,,,,,,,,,,,,,,,,,,,,,,,,,,,,,,,,,,,,,,,,,,,,,,,,,,,,,,,,,,,,,,,,,,,,,,,,,,,,,,,,,,,,,,,,,,,,,,,,,,,,,,,,,,,,,,,,,,,,,,,,,,,,,,,,,,,,,,,,,,,,,,,,,,,,,,,,,,,,,,,,,,,,
,,,,,,,,,,,,,,,,,,,,,,,,,,,,,,,,,,,,,,,,,,,,,,,,,,,,,,,,,,,,,,,,,,,,,,,,,,,,,,,,,,,,,,,,,,,,,,,,,,,,,,,,,,,,,,,,,,,,,,,,,,,,,,,,,,,,,,,,,,,,,,,,,,,,,,,,,,,,,,,,,,,,,,,,,,,,,,,,,,,,,,,,,,,,,,,,,,,,,,,,,,,,,,,,,,,,,,,,,,,,,,,,,,,,,,,,,,,,,,,,,,,,,,,,,,,,,,,,,,,,,,,,,,,,,,,,,,,,,,,,,,,,,
,,,,,,,,,,,,,,,,,,,,,,,,,,,,,,,,,,,,,,,,,,,,,,,,,,,,,,,,,,,,,,,,,,,,,,,,,,,,,,,,,,,,,,,,,,,,,,,,,,,,,,,,,,,,,,,,,,,,,,,,,,,,,,,,,,,,,,,,,,,,,,,,,,,,,,,,,,,,,,,,,,,,,,,,,,,,,,,,,,,,,,,,,,,,,,,,,,,,,,,,,,,,,,,,,,,,,,,,,,,,,,,,,,,,,,,,,,,,,,,,,,,,,,,,,,,,,,,,,,,,,,,,,,,,,,,,,,,,,,,,,,,,,
,,,,,,,,,,,,,,,,,,,,,,,,,,,,,,,,,,,,,,,,,,,,,,,,,,,,,,,,,,,,,,,,,,,,,,,,,,,,,,,,,,,,,,,,,,,,,,,,,,,,,,,,,,,,,,,,,,,,,,,,,,,,,,,,,,,,,,,,,,,,,,,,,,,,,,,,,,,,,,,,,,,,,,,,,,,,,,,,,,,,,,,,,,,,,,,,,,,,,,,,,,,,,,,,,,,,,,,,,,,,,,,,,,,,,,,,,,,,,,,,,,,,,,,,,,,,,,,,,,,,,,,,,,,,,,,,,,,,,,,,,,,,,
,,,,,,,,,,,,,,,,,,,,,,,,,,,,,,,,,,,,,,,,,,,,,,,,,,,,,,,,,,,,,,,,,,,,,,,,,,,,,,,,,,,,,,,,,,,,,,,,,,,,,,,,,,,,,,,,,,,,,,,,,,,,,,,,,,,,,,,,,,,,,,,,,,,,,,,,,,,,,,,,,,,,,,,,,,,,,,,,,,,,,,,,,,,,,,,,,,,,,,,,,,,,,,,,,,,,,,,,,,,,,,,,,,,,,,,,,,,,,,,,,,,,,,,,,,,,,,,,,,,,,,,,,,,,,,,,,,,,,,,,,,,,,
,,,,,,,,,,,,,,,,,,,,,,,,,,,,,,,,,,,,,,,,,,,,,,,,,,,,,,,,,,,,,,,,,,,,,,,,,,,,,,,,,,,,,,,,,,,,,,,,,,,,,,,,,,,,,,,,,,,,,,,,,,,,,,,,,,,,,,,,,,,,,,,,,,,,,,,,,,,,,,,,,,,,,,,,,,,,,,,,,,,,,,,,,,,,,,,,,,,,,,,,,,,,,,,,,,,,,,,,,,,,,,,,,,,,,,,,,,,,,,,,,,,,,,,,,,,,,,,,,,,,,,,,,,,,,,,,,,,,,,,,,,,,,
,,,,,,,,,,,,,,,,,,,,,,,,,,,,,,,,,,,,,,,,,,,,,,,,,,,,,,,,,,,,,,,,,,,,,,,,,,,,,,,,,,,,,,,,,,,,,,,,,,,,,,,,,,,,,,,,,,,,,,,,,,,,,,,,,,,,,,,,,,,,,,,,,,,,,,,,,,,,,,,,,,,,,,,,,,,,,,,,,,,,,,,,,,,,,,,,,,,,,,,,,,,,,,,,,,,,,,,,,,,,,,,,,,,,,,,,,,,,,,,,,,,,,,,,,,,,,,,,,,,,,,,,,,,,,,,,,,,,,,,,,,,,,
,,,,,,,,,,,,,,,,,,,,,,,,,,,,,,,,,,,,,,,,,,,,,,,,,,,,,,,,,,,,,,,,,,,,,,,,,,,,,,,,,,,,,,,,,,,,,,,,,,,,,,,,,,,,,,,,,,,,,,,,,,,,,,,,,,,,,,,,,,,,,,,,,,,,,,,,,,,,,,,,,,,,,,,,,,,,,,,,,,,,,,,,,,,,,,,,,,,,,,,,,,,,,,,,,,,,,,,,,,,,,,,,,,,,,,,,,,,,,,,,,,,,,,,,,,,,,,,,,,,,,,,,,,,,,,,,,,,,,,,,,,,,,
,,,,,,,,,,,,,,,,,,,,,,,,,,,,,,,,,,,,,,,,,,,,,,,,,,,,,,,,,,,,,,,,,,,,,,,,,,,,,,,,,,,,,,,,,,,,,,,,,,,,,,,,,,,,,,,,,,,,,,,,,,,,,,,,,,,,,,,,,,,,,,,,,,,,,,,,,,,,,,,,,,,,,,,,,,,,,,,,,,,,,,,,,,,,,,,,,,,,,,,,,,,,,,,,,,,,,,,,,,,,,,,,,,,,,,,,,,,,,,,,,,,,,,,,,,,,,,,,,,,,,,,,,,,,,,,,,,,,,,,,,,,,,
,,,,,,,,,,,,,,,,,,,,,,,,,,,,,,,,,,,,,,,,,,,,,,,,,,,,,,,,,,,,,,,,,,,,,,,,,,,,,,,,,,,,,,,,,,,,,,,,,,,,,,,,,,,,,,,,,,,,,,,,,,,,,,,,,,,,,,,,,,,,,,,,,,,,,,,,,,,,,,,,,,,,,,,,,,,,,,,,,,,,,,,,,,,,,,,,,,,,,,,,,,,,,,,,,,,,,,,,,,,,,,,,,,,,,,,,,,,,,,,,,,,,,,,,,,,,,,,,,,,,,,,,,,,,,,,,,,,,,,,,,,,,,
,,,,,,,,,,,,,,,,,,,,,,,,,,,,,,,,,,,,,,,,,,,,,,,,,,,,,,,,,,,,,,,,,,,,,,,,,,,,,,,,,,,,,,,,,,,,,,,,,,,,,,,,,,,,,,,,,,,,,,,,,,,,,,,,,,,,,,,,,,,,,,,,,,,,,,,,,,,,,,,,,,,,,,,,,,,,,,,,,,,,,,,,,,,,,,,,,,,,,,,,,,,,,,,,,,,,,,,,,,,,,,,,,,,,,,,,,,,,,,,,,,,,,,,,,,,,,,,,,,,,,,,,,,,,,,,,,,,,,,,,,,,,,
